Lon,Lat,YearDay,Time,Satellite,Method,Ecosystem,FRP
-103.193810,21.639471,2025091,"0631",GOES-EAST,FDC,22,138.898
-103.193810,21.639471,2025091,"0636",GOES-EAST,FDC,22,154.026
-103.255010,21.600012,2025091,"0930",GOES-EAST,FDC,32,27.931
-103.284590,21.621674,2025091,"1620",GOES-EAST,FDC,47,-999.000
-103.279130,21.600817,2025091,"1620",GOES-EAST,FDC,32,94.482
-103.260460,21.620872,2025091,"1620",GOES-EAST,FDC,32,-999.000
-103.255013,21.600012,2025091,"1620",GOES-EAST,FDC,32,79.429
-103.284592,21.621677,2025091,"1621",GOES-EAST,FDC,47,-999.000
-103.279137,21.600822,2025091,"1621",GOES-EAST,FDC,32,92.976
-103.260468,21.620874,2025091,"1621",GOES-EAST,FDC,32,-999.000
-103.255020,21.600019,2025091,"1621",GOES-EAST,FDC,32,80.125
-103.236550,21.620193,2025091,"1630",GOES-EAST,FDC,22,-999.000
-103.284592,21.621674,2025091,"1630",GOES-EAST,FDC,47,152.159
-103.279129,21.600817,2025091,"1630",GOES-EAST,FDC,32,292.692
-103.260460,21.620872,2025091,"1630",GOES-EAST,FDC,32,-999.000
-103.255013,21.600012,2025091,"1630",GOES-EAST,FDC,32,326.506
-103.284592,21.621677,2025091,"1631",GOES-EAST,FDC,47,-999.000
-103.279137,21.600822,2025091,"1631",GOES-EAST,FDC,32,-999.000
-103.260468,21.620874,2025091,"1631",GOES-EAST,FDC,32,-999.000
-103.255020,21.600019,2025091,"1631",GOES-EAST,FDC,32,147.775
-103.236549,21.620197,2025091,"1631",GOES-EAST,FDC,22,-999.000
-103.212425,21.619389,2025091,"1631",GOES-EAST,FDC,22,-999.000
-103.284592,21.621677,2025091,"1636",GOES-EAST,FDC,47,-999.000
-103.279137,21.600822,2025091,"1636",GOES-EAST,FDC,32,-999.000
-103.260468,21.620874,2025091,"1636",GOES-EAST,FDC,32,-999.000
-103.255020,21.600019,2025091,"1636",GOES-EAST,FDC,32,169.768
-103.284592,21.621674,2025091,"1640",GOES-EAST,FDC,47,-999.000
-103.260460,21.620872,2025091,"1640",GOES-EAST,FDC,32,-999.000
-103.255013,21.600012,2025091,"1640",GOES-EAST,FDC,32,68.866
-103.236549,21.620193,2025091,"1640",GOES-EAST,FDC,22,-999.000
-103.279137,21.600822,2025091,"1641",GOES-EAST,FDC,32,-999.000
-103.255020,21.600019,2025091,"1641",GOES-EAST,FDC,32,106.974
-103.236549,21.620197,2025091,"1641",GOES-EAST,FDC,22,-999.000
-103.212425,21.619389,2025091,"1641",GOES-EAST,FDC,22,-999.000
-103.255020,21.600019,2025091,"1646",GOES-EAST,FDC,32,68.707
-103.236549,21.620197,2025091,"1646",GOES-EAST,FDC,22,-999.000
-103.212420,21.619383,2025091,"1650",GOES-EAST,FDC,22,-999.000
-103.284592,21.621674,2025091,"1650",GOES-EAST,FDC,47,-999.000
-103.279129,21.600817,2025091,"1650",GOES-EAST,FDC,32,125.802
-103.260460,21.620872,2025091,"1650",GOES-EAST,FDC,32,-999.000
-103.255013,21.600012,2025091,"1650",GOES-EAST,FDC,32,155.094
-103.236549,21.620193,2025091,"1650",GOES-EAST,FDC,22,-999.000
-103.284592,21.621677,2025091,"1651",GOES-EAST,FDC,47,-999.000
-103.279137,21.600822,2025091,"1651",GOES-EAST,FDC,32,87.983
-103.260468,21.620874,2025091,"1651",GOES-EAST,FDC,32,-999.000
-103.255020,21.600019,2025091,"1651",GOES-EAST,FDC,32,116.159
-103.212425,21.619389,2025091,"1651",GOES-EAST,FDC,22,-999.000
-103.284592,21.621677,2025091,"1656",GOES-EAST,FDC,47,193.774
-103.279137,21.600822,2025091,"1656",GOES-EAST,FDC,32,135.282
-103.260468,21.620874,2025091,"1656",GOES-EAST,FDC,32,-999.000
-103.255020,21.600019,2025091,"1656",GOES-EAST,FDC,32,225.093
-103.236549,21.620197,2025091,"1656",GOES-EAST,FDC,22,-999.000
-103.284592,21.621674,2025091,"1700",GOES-EAST,FDC,47,-999.000
-103.260460,21.620872,2025091,"1700",GOES-EAST,FDC,32,139.426
-103.255013,21.600012,2025091,"1700",GOES-EAST,FDC,32,122.171
-103.284592,21.621677,2025091,"1701",GOES-EAST,FDC,47,-999.000
-103.279137,21.600822,2025091,"1701",GOES-EAST,FDC,32,81.163
-103.260468,21.620874,2025091,"1701",GOES-EAST,FDC,32,103.654
-103.255020,21.600019,2025091,"1701",GOES-EAST,FDC,32,130.962
-103.260468,21.620874,2025091,"1706",GOES-EAST,FDC,32,-999.000
-103.255020,21.600019,2025091,"1706",GOES-EAST,FDC,32,92.345
-103.284592,21.621674,2025091,"1710",GOES-EAST,FDC,47,114.971
-103.260460,21.620872,2025091,"1710",GOES-EAST,FDC,32,-999.000
-103.255013,21.600012,2025091,"1710",GOES-EAST,FDC,32,88.384
-103.284592,21.621677,2025091,"1711",GOES-EAST,FDC,47,97.068
-103.279137,21.600822,2025091,"1711",GOES-EAST,FDC,32,118.540
-103.260468,21.620874,2025091,"1711",GOES-EAST,FDC,32,-999.000
-103.255020,21.600019,2025091,"1711",GOES-EAST,FDC,32,135.136
-103.284592,21.621677,2025091,"1716",GOES-EAST,FDC,47,-999.000
-103.279137,21.600822,2025091,"1716",GOES-EAST,FDC,32,84.287
-103.260468,21.620874,2025091,"1716",GOES-EAST,FDC,32,-999.000
-103.255020,21.600019,2025091,"1716",GOES-EAST,FDC,32,108.198
-103.284592,21.621674,2025091,"1720",GOES-EAST,FDC,47,-999.000
-103.260460,21.620872,2025091,"1720",GOES-EAST,FDC,32,-999.000
-103.255013,21.600012,2025091,"1720",GOES-EAST,FDC,32,108.684
-103.279137,21.600822,2025091,"1721",GOES-EAST,FDC,32,101.353
-103.255020,21.600019,2025091,"1721",GOES-EAST,FDC,32,124.844
-103.255020,21.600019,2025091,"1726",GOES-EAST,FDC,32,110.941
-103.284592,21.621674,2025091,"1730",GOES-EAST,FDC,47,95.739
-103.260460,21.620872,2025091,"1730",GOES-EAST,FDC,32,-999.000
-103.255013,21.600012,2025091,"1730",GOES-EAST,FDC,32,115.393
-103.284592,21.621677,2025091,"1731",GOES-EAST,FDC,47,79.931
-103.260468,21.620874,2025091,"1731",GOES-EAST,FDC,32,-999.000
-103.255020,21.600019,2025091,"1731",GOES-EAST,FDC,32,116.367
-103.284592,21.621677,2025091,"1736",GOES-EAST,FDC,47,85.096
-103.260468,21.620874,2025091,"1736",GOES-EAST,FDC,32,-999.000
-103.255020,21.600019,2025091,"1736",GOES-EAST,FDC,32,118.660
-103.284592,21.621674,2025091,"1740",GOES-EAST,FDC,47,120.544
-103.279129,21.600817,2025091,"1740",GOES-EAST,FDC,32,88.097
-103.260460,21.620872,2025091,"1740",GOES-EAST,FDC,32,-999.000
-103.255013,21.600012,2025091,"1740",GOES-EAST,FDC,32,99.632
-103.284592,21.621677,2025091,"1741",GOES-EAST,FDC,47,99.501
-103.279137,21.600822,2025091,"1741",GOES-EAST,FDC,32,88.727
-103.260468,21.620874,2025091,"1741",GOES-EAST,FDC,32,-999.000
-103.255020,21.600019,2025091,"1741",GOES-EAST,FDC,32,107.146
-103.284592,21.621677,2025091,"1746",GOES-EAST,FDC,47,69.828
-103.260468,21.620874,2025091,"1746",GOES-EAST,FDC,32,-999.000
-103.255020,21.600019,2025091,"1746",GOES-EAST,FDC,32,106.311
-103.284592,21.621674,2025091,"1750",GOES-EAST,FDC,47,76.135
-103.255020,21.600019,2025091,"1751",GOES-EAST,FDC,32,75.202
-103.279137,21.600822,2025091,"1756",GOES-EAST,FDC,32,88.150
-103.255020,21.600019,2025091,"1756",GOES-EAST,FDC,32,89.075
-103.284592,21.621674,2025091,"1800",GOES-EAST,FDC,47,94.261
-103.260460,21.620872,2025091,"1800",GOES-EAST,FDC,32,86.486
-103.284592,21.621677,2025091,"1801",GOES-EAST,FDC,47,107.657
-103.260468,21.620874,2025091,"1801",GOES-EAST,FDC,32,95.897
-103.255020,21.600019,2025091,"1801",GOES-EAST,FDC,32,85.611
-103.284592,21.621677,2025091,"1806",GOES-EAST,FDC,47,90.554
-103.260468,21.620874,2025091,"1806",GOES-EAST,FDC,32,-999.000
-103.255020,21.600019,2025091,"1806",GOES-EAST,FDC,32,90.858
-103.284592,21.621674,2025091,"1810",GOES-EAST,FDC,47,138.700
-103.279129,21.600817,2025091,"1810",GOES-EAST,FDC,32,115.090
-103.260460,21.620872,2025091,"1810",GOES-EAST,FDC,32,143.739
-103.255013,21.600012,2025091,"1810",GOES-EAST,FDC,32,129.074
-103.284592,21.621677,2025091,"1811",GOES-EAST,FDC,47,157.603
-103.279137,21.600822,2025091,"1811",GOES-EAST,FDC,32,124.818
-103.260468,21.620874,2025091,"1811",GOES-EAST,FDC,32,166.781
-103.255020,21.600019,2025091,"1811",GOES-EAST,FDC,32,133.650
-103.284592,21.621677,2025091,"1816",GOES-EAST,FDC,47,127.345
-103.279137,21.600822,2025091,"1816",GOES-EAST,FDC,32,176.323
-103.260468,21.620874,2025091,"1816",GOES-EAST,FDC,32,-999.000
-103.255020,21.600019,2025091,"1816",GOES-EAST,FDC,32,166.447
-103.223190,21.661022,2025091,"1820",GOES-EAST,FDC,22,94.122
-103.284592,21.621674,2025091,"1820",GOES-EAST,FDC,47,121.385
-103.279129,21.600817,2025091,"1820",GOES-EAST,FDC,32,130.296
-103.260460,21.620872,2025091,"1820",GOES-EAST,FDC,32,-999.000
-103.255013,21.600012,2025091,"1820",GOES-EAST,FDC,32,125.312
-103.284592,21.621677,2025091,"1821",GOES-EAST,FDC,47,137.746
-103.279137,21.600822,2025091,"1821",GOES-EAST,FDC,32,147.799
-103.260468,21.620874,2025091,"1821",GOES-EAST,FDC,32,-999.000
-103.255020,21.600019,2025091,"1821",GOES-EAST,FDC,32,127.166
-103.199270,21.660343,2025091,"1826",GOES-EAST,FDC,22,89.606
-103.279137,21.600822,2025091,"1826",GOES-EAST,FDC,32,142.649
-103.255020,21.600019,2025091,"1826",GOES-EAST,FDC,32,159.821
-103.223190,21.661024,2025091,"1826",GOES-EAST,FDC,22,134.599
-103.284592,21.621674,2025091,"1830",GOES-EAST,FDC,47,111.336
-103.279129,21.600817,2025091,"1830",GOES-EAST,FDC,32,238.063
-103.260460,21.620872,2025091,"1830",GOES-EAST,FDC,32,-999.000
-103.255013,21.600012,2025091,"1830",GOES-EAST,FDC,32,191.412
-103.284592,21.621677,2025091,"1831",GOES-EAST,FDC,47,73.638
-103.279137,21.600822,2025091,"1831",GOES-EAST,FDC,32,217.179
-103.255020,21.600019,2025091,"1831",GOES-EAST,FDC,32,230.738
-103.284592,21.621677,2025091,"1836",GOES-EAST,FDC,47,88.316
-103.279137,21.600822,2025091,"1836",GOES-EAST,FDC,32,353.476
-103.260468,21.620874,2025091,"1836",GOES-EAST,FDC,32,-999.000
-103.255020,21.600019,2025091,"1836",GOES-EAST,FDC,32,306.582
-103.223190,21.661024,2025091,"1836",GOES-EAST,FDC,22,105.519
-103.284592,21.621674,2025091,"1840",GOES-EAST,FDC,47,134.047
-103.279129,21.600817,2025091,"1840",GOES-EAST,FDC,32,216.080
-103.260460,21.620872,2025091,"1840",GOES-EAST,FDC,32,-999.000
-103.255013,21.600012,2025091,"1840",GOES-EAST,FDC,32,236.959
-103.193810,21.639469,2025091,"1840",GOES-EAST,FDC,22,96.832
-103.284592,21.621677,2025091,"1841",GOES-EAST,FDC,47,109.039
-103.279137,21.600822,2025091,"1841",GOES-EAST,FDC,32,210.111
-103.260468,21.620874,2025091,"1841",GOES-EAST,FDC,32,-999.000
-103.284592,21.621677,2025091,"1846",GOES-EAST,FDC,47,123.182
-103.279137,21.600822,2025091,"1846",GOES-EAST,FDC,32,221.275
-103.260468,21.620874,2025091,"1846",GOES-EAST,FDC,32,106.465
-103.255020,21.600019,2025091,"1846",GOES-EAST,FDC,32,223.109
-103.279129,21.600817,2025091,"1850",GOES-EAST,FDC,32,199.143
-103.255013,21.600012,2025091,"1850",GOES-EAST,FDC,32,198.491
-103.284592,21.621677,2025091,"1851",GOES-EAST,FDC,47,77.196
-103.279137,21.600822,2025091,"1851",GOES-EAST,FDC,32,194.231
-103.260468,21.620874,2025091,"1851",GOES-EAST,FDC,32,88.218
-103.255020,21.600019,2025091,"1851",GOES-EAST,FDC,32,207.413
-103.284592,21.621677,2025091,"1856",GOES-EAST,FDC,47,78.208
-103.279137,21.600822,2025091,"1856",GOES-EAST,FDC,32,131.677
-103.260468,21.620874,2025091,"1856",GOES-EAST,FDC,32,83.856
-103.255020,21.600019,2025091,"1856",GOES-EAST,FDC,32,138.383
-103.279129,21.600817,2025091,"1900",GOES-EAST,FDC,32,148.325
-103.255013,21.600012,2025091,"1900",GOES-EAST,FDC,32,161.157
-103.223190,21.661022,2025091,"1900",GOES-EAST,FDC,22,106.289
-103.279137,21.600822,2025091,"1901",GOES-EAST,FDC,32,138.004
-103.255020,21.600019,2025091,"1901",GOES-EAST,FDC,32,147.993
-103.279137,21.600822,2025091,"1906",GOES-EAST,FDC,32,124.232
-103.260468,21.620874,2025091,"1906",GOES-EAST,FDC,32,92.170
-103.255020,21.600019,2025091,"1906",GOES-EAST,FDC,32,137.861
-103.284592,21.621674,2025091,"1910",GOES-EAST,FDC,47,105.994
-103.279129,21.600817,2025091,"1910",GOES-EAST,FDC,32,253.649
-103.260460,21.620872,2025091,"1910",GOES-EAST,FDC,32,121.821
-103.255013,21.600012,2025091,"1910",GOES-EAST,FDC,32,295.033
-103.223190,21.661022,2025091,"1910",GOES-EAST,FDC,22,98.258
-103.284592,21.621677,2025091,"1911",GOES-EAST,FDC,47,183.276
-103.279137,21.600822,2025091,"1911",GOES-EAST,FDC,32,281.792
-103.260468,21.620874,2025091,"1911",GOES-EAST,FDC,32,207.926
-103.255020,21.600019,2025091,"1911",GOES-EAST,FDC,32,288.753
-103.193810,21.639471,2025091,"1911",GOES-EAST,FDC,22,-999.000
-103.284592,21.621677,2025091,"1916",GOES-EAST,FDC,47,156.430
-103.279137,21.600822,2025091,"1916",GOES-EAST,FDC,32,327.872
-103.260468,21.620874,2025091,"1916",GOES-EAST,FDC,32,209.227
-103.255020,21.600019,2025091,"1916",GOES-EAST,FDC,32,342.650
-103.223190,21.661024,2025091,"1916",GOES-EAST,FDC,22,104.387
-103.193810,21.639471,2025091,"1916",GOES-EAST,FDC,22,105.985
-103.279129,21.600817,2025091,"1920",GOES-EAST,FDC,32,212.438
-103.255013,21.600012,2025091,"1920",GOES-EAST,FDC,32,232.900
-103.223190,21.661022,2025091,"1920",GOES-EAST,FDC,22,159.404
-103.212425,21.619383,2025091,"1920",GOES-EAST,FDC,22,96.336
-103.193810,21.639469,2025091,"1920",GOES-EAST,FDC,22,118.918
-103.284592,21.621677,2025091,"1921",GOES-EAST,FDC,47,82.175
-103.279137,21.600822,2025091,"1921",GOES-EAST,FDC,32,173.185
-103.260468,21.620874,2025091,"1921",GOES-EAST,FDC,32,102.879
-103.255020,21.600019,2025091,"1921",GOES-EAST,FDC,32,209.872
-103.223190,21.661024,2025091,"1921",GOES-EAST,FDC,22,139.496
-103.193810,21.639471,2025091,"1921",GOES-EAST,FDC,22,119.552
-103.279137,21.600822,2025091,"1926",GOES-EAST,FDC,32,157.628
-103.255020,21.600019,2025091,"1926",GOES-EAST,FDC,32,185.248
-103.223190,21.661024,2025091,"1926",GOES-EAST,FDC,22,162.959
-103.193810,21.639471,2025091,"1926",GOES-EAST,FDC,22,102.747
-103.279129,21.600817,2025091,"1930",GOES-EAST,FDC,32,151.766
-103.255013,21.600012,2025091,"1930",GOES-EAST,FDC,32,169.748
-103.223190,21.661022,2025091,"1930",GOES-EAST,FDC,22,715.409
-103.199272,21.660343,2025091,"1930",GOES-EAST,FDC,22,269.746
-103.193810,21.639469,2025091,"1930",GOES-EAST,FDC,22,190.853
-103.279137,21.600822,2025091,"1931",GOES-EAST,FDC,32,141.605
-103.260468,21.620874,2025091,"1931",GOES-EAST,FDC,32,89.285
-103.255020,21.600019,2025091,"1931",GOES-EAST,FDC,32,143.783
-103.223190,21.661024,2025091,"1931",GOES-EAST,FDC,22,363.911
-103.199272,21.660343,2025091,"1931",GOES-EAST,FDC,22,-999.000
-103.193810,21.639471,2025091,"1931",GOES-EAST,FDC,22,200.112
-103.279137,21.600822,2025091,"1936",GOES-EAST,FDC,32,106.457
-103.255020,21.600019,2025091,"1936",GOES-EAST,FDC,32,118.039
-103.223190,21.661024,2025091,"1936",GOES-EAST,FDC,22,259.211
-103.199272,21.660343,2025091,"1936",GOES-EAST,FDC,22,-999.000
-103.193810,21.639471,2025091,"1936",GOES-EAST,FDC,22,166.191
-103.279129,21.600817,2025091,"1940",GOES-EAST,FDC,32,89.328
-103.255013,21.600012,2025091,"1940",GOES-EAST,FDC,32,122.926
-103.223190,21.661022,2025091,"1940",GOES-EAST,FDC,22,226.162
-103.199272,21.660343,2025091,"1940",GOES-EAST,FDC,22,-999.000
-103.193810,21.639469,2025091,"1940",GOES-EAST,FDC,22,129.453
-103.255020,21.600019,2025091,"1941",GOES-EAST,FDC,32,106.284
-103.223190,21.661024,2025091,"1941",GOES-EAST,FDC,22,169.909
-103.193810,21.639471,2025091,"1941",GOES-EAST,FDC,22,134.948
-103.279137,21.600822,2025091,"1946",GOES-EAST,FDC,32,82.275
-103.255020,21.600019,2025091,"1946",GOES-EAST,FDC,32,95.055
-103.223190,21.661024,2025091,"1946",GOES-EAST,FDC,22,210.586
-103.199272,21.660343,2025091,"1946",GOES-EAST,FDC,22,-999.000
-103.193810,21.639471,2025091,"1946",GOES-EAST,FDC,22,127.932
-103.279129,21.600817,2025091,"1950",GOES-EAST,FDC,32,72.452
-103.223190,21.661022,2025091,"1950",GOES-EAST,FDC,22,180.312
-103.193810,21.639469,2025091,"1950",GOES-EAST,FDC,22,138.046
-103.279137,21.600822,2025091,"1951",GOES-EAST,FDC,32,76.190
-103.223190,21.661024,2025091,"1951",GOES-EAST,FDC,22,210.994
-103.199272,21.660343,2025091,"1951",GOES-EAST,FDC,22,143.888
-103.193810,21.639471,2025091,"1951",GOES-EAST,FDC,22,139.338
-103.279137,21.600822,2025091,"1956",GOES-EAST,FDC,32,65.707
-103.223190,21.661024,2025091,"1956",GOES-EAST,FDC,22,198.329
-103.212425,21.619389,2025091,"1956",GOES-EAST,FDC,22,149.974
-103.193810,21.639471,2025091,"1956",GOES-EAST,FDC,22,116.231
-103.279129,21.600817,2025091,"2000",GOES-EAST,FDC,32,62.167
-103.236549,21.620193,2025091,"2000",GOES-EAST,FDC,22,116.345
-103.223190,21.661022,2025091,"2000",GOES-EAST,FDC,22,144.398
-103.212425,21.619383,2025091,"2000",GOES-EAST,FDC,22,209.728
-103.193810,21.639469,2025091,"2000",GOES-EAST,FDC,22,140.050
-103.279137,21.600822,2025091,"2001",GOES-EAST,FDC,32,70.945
-103.236549,21.620197,2025091,"2001",GOES-EAST,FDC,22,120.806
-103.223190,21.661024,2025091,"2001",GOES-EAST,FDC,22,155.973
-103.212425,21.619389,2025091,"2001",GOES-EAST,FDC,22,197.298
-103.193810,21.639471,2025091,"2001",GOES-EAST,FDC,22,139.519
-103.236549,21.620197,2025091,"2006",GOES-EAST,FDC,22,120.921
-103.223190,21.661024,2025091,"2006",GOES-EAST,FDC,22,153.235
-103.212425,21.619389,2025091,"2006",GOES-EAST,FDC,22,123.304
-103.193810,21.639471,2025091,"2006",GOES-EAST,FDC,22,-999.000
-103.231100,21.599337,2025091,"2010",GOES-EAST,FDC,22,113.134
-103.236549,21.620193,2025091,"2010",GOES-EAST,FDC,22,178.907
-103.223190,21.661022,2025091,"2010",GOES-EAST,FDC,22,141.110
-103.212425,21.619383,2025091,"2010",GOES-EAST,FDC,22,150.464
-103.193810,21.639469,2025091,"2010",GOES-EAST,FDC,22,135.206
-103.279137,21.600822,2025091,"2011",GOES-EAST,FDC,32,76.150
-103.236549,21.620197,2025091,"2011",GOES-EAST,FDC,22,236.607
-103.223190,21.661024,2025091,"2011",GOES-EAST,FDC,22,160.299
-103.212425,21.619389,2025091,"2011",GOES-EAST,FDC,22,190.170
-103.279137,21.600822,2025091,"2016",GOES-EAST,FDC,32,60.285
-103.236549,21.620197,2025091,"2016",GOES-EAST,FDC,22,131.024
-103.223190,21.661024,2025091,"2016",GOES-EAST,FDC,22,138.484
-103.212425,21.619389,2025091,"2016",GOES-EAST,FDC,22,139.809
-103.193810,21.639471,2025091,"2016",GOES-EAST,FDC,22,139.641
-103.236549,21.620193,2025091,"2020",GOES-EAST,FDC,22,133.163
-103.223190,21.661022,2025091,"2020",GOES-EAST,FDC,22,127.209
-103.212425,21.619383,2025091,"2020",GOES-EAST,FDC,22,146.606
-103.193810,21.639469,2025091,"2020",GOES-EAST,FDC,22,136.412
-103.279137,21.600822,2025091,"2021",GOES-EAST,FDC,32,61.345
-103.236549,21.620197,2025091,"2021",GOES-EAST,FDC,22,117.303
-103.223190,21.661024,2025091,"2021",GOES-EAST,FDC,22,128.456
-103.212425,21.619389,2025091,"2021",GOES-EAST,FDC,22,125.154
-103.193810,21.639471,2025091,"2021",GOES-EAST,FDC,22,-999.000
-103.279137,21.600822,2025091,"2026",GOES-EAST,FDC,32,51.100
-103.236549,21.620197,2025091,"2026",GOES-EAST,FDC,22,101.846
-103.212425,21.619389,2025091,"2026",GOES-EAST,FDC,22,121.258
-103.193810,21.639471,2025091,"2026",GOES-EAST,FDC,22,122.901
-103.279129,21.600817,2025091,"2030",GOES-EAST,FDC,32,58.105
-103.236549,21.620193,2025091,"2030",GOES-EAST,FDC,22,108.397
-103.223190,21.661022,2025091,"2030",GOES-EAST,FDC,22,109.771
-103.212425,21.619383,2025091,"2030",GOES-EAST,FDC,22,117.681
-103.279137,21.600822,2025091,"2031",GOES-EAST,FDC,32,62.781
-103.236549,21.620197,2025091,"2031",GOES-EAST,FDC,22,100.296
-103.223190,21.661024,2025091,"2031",GOES-EAST,FDC,22,102.551
-103.212425,21.619389,2025091,"2031",GOES-EAST,FDC,22,110.397
-103.279137,21.600822,2025091,"2036",GOES-EAST,FDC,32,72.862
-103.236549,21.620197,2025091,"2036",GOES-EAST,FDC,22,128.377
-103.223190,21.661024,2025091,"2036",GOES-EAST,FDC,22,121.253
-103.212425,21.619389,2025091,"2036",GOES-EAST,FDC,22,122.799
-103.279129,21.600817,2025091,"2040",GOES-EAST,FDC,32,62.956
-103.236549,21.620193,2025091,"2040",GOES-EAST,FDC,22,132.342
-103.223190,21.661022,2025091,"2040",GOES-EAST,FDC,22,124.611
-103.212425,21.619383,2025091,"2040",GOES-EAST,FDC,22,152.283
-103.279137,21.600822,2025091,"2041",GOES-EAST,FDC,32,57.540
-103.236549,21.620197,2025091,"2041",GOES-EAST,FDC,22,163.453
-103.231110,21.599342,2025091,"2041",GOES-EAST,FDC,22,101.638
-103.223190,21.661024,2025091,"2041",GOES-EAST,FDC,22,118.660
-103.212425,21.619389,2025091,"2041",GOES-EAST,FDC,22,148.030
-103.279137,21.600822,2025091,"2046",GOES-EAST,FDC,32,50.532
-103.236549,21.620197,2025091,"2046",GOES-EAST,FDC,22,225.799
-103.231110,21.599342,2025091,"2046",GOES-EAST,FDC,22,116.388
-103.223190,21.661024,2025091,"2046",GOES-EAST,FDC,22,104.667
-103.212425,21.619389,2025091,"2046",GOES-EAST,FDC,22,181.681
-103.207180,21.598648,2025091,"2050",GOES-EAST,FDC,22,113.752
-103.236549,21.620193,2025091,"2050",GOES-EAST,FDC,22,190.052
-103.231102,21.599337,2025091,"2050",GOES-EAST,FDC,22,128.203
-103.223190,21.661022,2025091,"2050",GOES-EAST,FDC,22,109.202
-103.212425,21.619383,2025091,"2050",GOES-EAST,FDC,22,216.004
-103.236549,21.620197,2025091,"2051",GOES-EAST,FDC,22,202.569
-103.231110,21.599342,2025091,"2051",GOES-EAST,FDC,22,122.673
-103.223190,21.661024,2025091,"2051",GOES-EAST,FDC,22,105.695
-103.212425,21.619389,2025091,"2051",GOES-EAST,FDC,22,184.325
-103.193810,21.639471,2025091,"2051",GOES-EAST,FDC,22,96.064
-103.279137,21.600822,2025091,"2056",GOES-EAST,FDC,32,60.154
-103.236549,21.620197,2025091,"2056",GOES-EAST,FDC,22,125.935
-103.231110,21.599342,2025091,"2056",GOES-EAST,FDC,22,181.973
-103.223190,21.661024,2025091,"2056",GOES-EAST,FDC,22,99.913
-103.212425,21.619389,2025091,"2056",GOES-EAST,FDC,22,129.379
-103.207176,21.598654,2025091,"2056",GOES-EAST,FDC,22,173.971
-103.193810,21.639471,2025091,"2056",GOES-EAST,FDC,22,111.057
-103.236549,21.620193,2025091,"2100",GOES-EAST,FDC,22,148.650
-103.231102,21.599337,2025091,"2100",GOES-EAST,FDC,22,344.298
-103.212425,21.619383,2025091,"2100",GOES-EAST,FDC,22,162.023
-103.207176,21.598648,2025091,"2100",GOES-EAST,FDC,22,347.685
-103.193810,21.639469,2025091,"2100",GOES-EAST,FDC,22,101.790
-103.225810,21.578577,2025091,"2101",GOES-EAST,FDC,24,114.582
-103.201860,21.577873,2025091,"2101",GOES-EAST,FDC,43,128.159
-103.279137,21.600822,2025091,"2101",GOES-EAST,FDC,32,50.983
-103.236549,21.620197,2025091,"2101",GOES-EAST,FDC,22,162.777
-103.231110,21.599342,2025091,"2101",GOES-EAST,FDC,22,287.177
-103.223190,21.661024,2025091,"2101",GOES-EAST,FDC,22,93.505
-103.212425,21.619389,2025091,"2101",GOES-EAST,FDC,22,184.383
-103.207176,21.598654,2025091,"2101",GOES-EAST,FDC,22,293.128
-103.236549,21.620197,2025091,"2106",GOES-EAST,FDC,22,189.777
-103.231110,21.599342,2025091,"2106",GOES-EAST,FDC,22,246.734
-103.223190,21.661024,2025091,"2106",GOES-EAST,FDC,22,113.601
-103.212425,21.619389,2025091,"2106",GOES-EAST,FDC,22,258.013
-103.207176,21.598654,2025091,"2106",GOES-EAST,FDC,22,282.539
-103.236549,21.620193,2025091,"2110",GOES-EAST,FDC,22,170.576
-103.231102,21.599337,2025091,"2110",GOES-EAST,FDC,22,223.771
-103.223190,21.661022,2025091,"2110",GOES-EAST,FDC,22,114.651
-103.212425,21.619383,2025091,"2110",GOES-EAST,FDC,22,209.918
-103.207176,21.598648,2025091,"2110",GOES-EAST,FDC,22,311.079
-103.193810,21.639469,2025091,"2110",GOES-EAST,FDC,22,96.386
-103.236549,21.620197,2025091,"2111",GOES-EAST,FDC,22,141.099
-103.231110,21.599342,2025091,"2111",GOES-EAST,FDC,22,179.784
-103.223190,21.661024,2025091,"2111",GOES-EAST,FDC,22,128.475
-103.212425,21.619389,2025091,"2111",GOES-EAST,FDC,22,189.547
-103.207176,21.598654,2025091,"2111",GOES-EAST,FDC,22,237.005
-103.193810,21.639471,2025091,"2111",GOES-EAST,FDC,22,102.705
-103.236549,21.620197,2025091,"2116",GOES-EAST,FDC,22,135.852
-103.231110,21.599342,2025091,"2116",GOES-EAST,FDC,22,150.997
-103.223190,21.661024,2025091,"2116",GOES-EAST,FDC,22,149.070
-103.212425,21.619389,2025091,"2116",GOES-EAST,FDC,22,181.771
-103.207176,21.598654,2025091,"2116",GOES-EAST,FDC,22,171.982
-103.236549,21.620193,2025091,"2120",GOES-EAST,FDC,22,138.712
-103.231102,21.599337,2025091,"2120",GOES-EAST,FDC,22,217.673
-103.223190,21.661022,2025091,"2120",GOES-EAST,FDC,22,113.051
-103.212425,21.619383,2025091,"2120",GOES-EAST,FDC,22,167.049
-103.207176,21.598648,2025091,"2120",GOES-EAST,FDC,22,264.459
-103.193810,21.639469,2025091,"2120",GOES-EAST,FDC,22,110.262
-103.236549,21.620197,2025091,"2121",GOES-EAST,FDC,22,154.050
-103.231110,21.599342,2025091,"2121",GOES-EAST,FDC,22,169.617
-103.223190,21.661024,2025091,"2121",GOES-EAST,FDC,22,110.269
-103.212425,21.619389,2025091,"2121",GOES-EAST,FDC,22,174.714
-103.207176,21.598654,2025091,"2121",GOES-EAST,FDC,22,191.018
-103.193810,21.639471,2025091,"2121",GOES-EAST,FDC,22,103.734
-103.279137,21.600822,2025091,"2126",GOES-EAST,FDC,32,41.256
-103.236549,21.620197,2025091,"2126",GOES-EAST,FDC,22,127.835
-103.231110,21.599342,2025091,"2126",GOES-EAST,FDC,22,153.096
-103.223190,21.661024,2025091,"2126",GOES-EAST,FDC,22,116.275
-103.212425,21.619389,2025091,"2126",GOES-EAST,FDC,22,209.535
-103.207176,21.598654,2025091,"2126",GOES-EAST,FDC,22,195.220
-103.193810,21.639471,2025091,"2126",GOES-EAST,FDC,22,123.298
-103.241850,21.640961,2025091,"2130",GOES-EAST,FDC,22,85.012
-103.236549,21.620193,2025091,"2130",GOES-EAST,FDC,22,139.736
-103.231102,21.599337,2025091,"2130",GOES-EAST,FDC,22,183.781
-103.223190,21.661022,2025091,"2130",GOES-EAST,FDC,22,134.417
-103.212425,21.619383,2025091,"2130",GOES-EAST,FDC,22,216.065
-103.207176,21.598648,2025091,"2130",GOES-EAST,FDC,22,236.417
-103.193810,21.639469,2025091,"2130",GOES-EAST,FDC,22,148.606
-103.279137,21.600822,2025091,"2131",GOES-EAST,FDC,32,39.846
-103.241852,21.640965,2025091,"2131",GOES-EAST,FDC,22,90.563
-103.236549,21.620197,2025091,"2131",GOES-EAST,FDC,22,130.088
-103.231110,21.599342,2025091,"2131",GOES-EAST,FDC,22,144.747
-103.223190,21.661024,2025091,"2131",GOES-EAST,FDC,22,119.601
-103.212425,21.619389,2025091,"2131",GOES-EAST,FDC,22,186.411
-103.207176,21.598654,2025091,"2131",GOES-EAST,FDC,22,176.298
-103.193810,21.639471,2025091,"2131",GOES-EAST,FDC,22,143.474
-103.241852,21.640965,2025091,"2136",GOES-EAST,FDC,22,130.018
-103.236549,21.620197,2025091,"2136",GOES-EAST,FDC,22,162.279
-103.231110,21.599342,2025091,"2136",GOES-EAST,FDC,22,180.392
-103.223190,21.661024,2025091,"2136",GOES-EAST,FDC,22,131.532
-103.212425,21.619389,2025091,"2136",GOES-EAST,FDC,22,292.371
-103.207176,21.598654,2025091,"2136",GOES-EAST,FDC,22,166.124
-103.193810,21.639471,2025091,"2136",GOES-EAST,FDC,22,134.635
-103.241852,21.640961,2025091,"2140",GOES-EAST,FDC,22,103.166
-103.236549,21.620193,2025091,"2140",GOES-EAST,FDC,22,109.928
-103.231102,21.599337,2025091,"2140",GOES-EAST,FDC,22,127.538
-103.223190,21.661022,2025091,"2140",GOES-EAST,FDC,22,186.761
-103.212425,21.619383,2025091,"2140",GOES-EAST,FDC,22,176.069
-103.207176,21.598648,2025091,"2140",GOES-EAST,FDC,22,142.762
-103.199272,21.660343,2025091,"2140",GOES-EAST,FDC,22,101.070
-103.193810,21.639469,2025091,"2140",GOES-EAST,FDC,22,193.431
-103.241852,21.640965,2025091,"2141",GOES-EAST,FDC,22,72.129
-103.236549,21.620197,2025091,"2141",GOES-EAST,FDC,22,124.139
-103.231110,21.599342,2025091,"2141",GOES-EAST,FDC,22,103.506
-103.223190,21.661024,2025091,"2141",GOES-EAST,FDC,22,158.244
-103.212425,21.619389,2025091,"2141",GOES-EAST,FDC,22,227.398
-103.207176,21.598654,2025091,"2141",GOES-EAST,FDC,22,157.175
-103.199272,21.660343,2025091,"2141",GOES-EAST,FDC,22,92.828
-103.193810,21.639471,2025091,"2141",GOES-EAST,FDC,22,175.420
-103.236549,21.620197,2025091,"2146",GOES-EAST,FDC,22,141.762
-103.231110,21.599342,2025091,"2146",GOES-EAST,FDC,22,131.218
-103.223190,21.661024,2025091,"2146",GOES-EAST,FDC,22,104.484
-103.212425,21.619389,2025091,"2146",GOES-EAST,FDC,22,294.666
-103.207176,21.598654,2025091,"2146",GOES-EAST,FDC,22,178.213
-103.193810,21.639471,2025091,"2146",GOES-EAST,FDC,22,-999.000
-103.236549,21.620193,2025091,"2150",GOES-EAST,FDC,22,136.645
-103.231102,21.599337,2025091,"2150",GOES-EAST,FDC,22,123.689
-103.223190,21.661022,2025091,"2150",GOES-EAST,FDC,22,112.537
-103.212425,21.619383,2025091,"2150",GOES-EAST,FDC,22,242.633
-103.207176,21.598648,2025091,"2150",GOES-EAST,FDC,22,128.237
-103.193810,21.639469,2025091,"2150",GOES-EAST,FDC,22,150.793
-103.236549,21.620197,2025091,"2151",GOES-EAST,FDC,22,130.994
-103.231110,21.599342,2025091,"2151",GOES-EAST,FDC,22,117.359
-103.223190,21.661024,2025091,"2151",GOES-EAST,FDC,22,100.201
-103.212425,21.619389,2025091,"2151",GOES-EAST,FDC,22,278.004
-103.207176,21.598654,2025091,"2151",GOES-EAST,FDC,22,168.351
-103.193810,21.639471,2025091,"2151",GOES-EAST,FDC,22,139.035
-103.236549,21.620197,2025091,"2156",GOES-EAST,FDC,22,134.471
-103.231110,21.599342,2025091,"2156",GOES-EAST,FDC,22,128.202
-103.223190,21.661024,2025091,"2156",GOES-EAST,FDC,22,108.319
-103.212425,21.619389,2025091,"2156",GOES-EAST,FDC,22,219.981
-103.207176,21.598654,2025091,"2156",GOES-EAST,FDC,22,145.865
-103.193810,21.639471,2025091,"2156",GOES-EAST,FDC,22,110.684
-103.236549,21.620193,2025091,"2200",GOES-EAST,FDC,22,126.999
-103.231102,21.599337,2025091,"2200",GOES-EAST,FDC,22,123.762
-103.223190,21.661022,2025091,"2200",GOES-EAST,FDC,22,92.925
-103.212425,21.619383,2025091,"2200",GOES-EAST,FDC,22,230.558
-103.207176,21.598648,2025091,"2200",GOES-EAST,FDC,22,111.627
-103.193810,21.639469,2025091,"2200",GOES-EAST,FDC,22,115.179
-103.236549,21.620197,2025091,"2201",GOES-EAST,FDC,22,131.248
-103.231110,21.599342,2025091,"2201",GOES-EAST,FDC,22,123.727
-103.223190,21.661024,2025091,"2201",GOES-EAST,FDC,22,92.549
-103.212425,21.619389,2025091,"2201",GOES-EAST,FDC,22,244.643
-103.207176,21.598654,2025091,"2201",GOES-EAST,FDC,22,156.550
-103.193810,21.639471,2025091,"2201",GOES-EAST,FDC,22,87.714
-103.236549,21.620197,2025091,"2206",GOES-EAST,FDC,22,138.267
-103.231110,21.599342,2025091,"2206",GOES-EAST,FDC,22,136.868
-103.223190,21.661024,2025091,"2206",GOES-EAST,FDC,22,110.427
-103.212425,21.619389,2025091,"2206",GOES-EAST,FDC,22,295.155
-103.207176,21.598654,2025091,"2206",GOES-EAST,FDC,22,185.993
-103.193810,21.639471,2025091,"2206",GOES-EAST,FDC,22,90.923
-103.241852,21.640961,2025091,"2210",GOES-EAST,FDC,22,75.783
-103.236549,21.620193,2025091,"2210",GOES-EAST,FDC,22,137.664
-103.231102,21.599337,2025091,"2210",GOES-EAST,FDC,22,102.550
-103.223190,21.661022,2025091,"2210",GOES-EAST,FDC,22,107.651
-103.212425,21.619383,2025091,"2210",GOES-EAST,FDC,22,340.252
-103.207176,21.598648,2025091,"2210",GOES-EAST,FDC,22,143.635
-103.193810,21.639469,2025091,"2210",GOES-EAST,FDC,22,79.811
-103.188700,21.618826,2025091,"2211",GOES-EAST,FDC,22,85.356
-103.236549,21.620197,2025091,"2211",GOES-EAST,FDC,22,136.140
-103.231110,21.599342,2025091,"2211",GOES-EAST,FDC,22,124.935
-103.223190,21.661024,2025091,"2211",GOES-EAST,FDC,22,99.414
-103.212425,21.619389,2025091,"2211",GOES-EAST,FDC,22,297.650
-103.207176,21.598654,2025091,"2211",GOES-EAST,FDC,22,140.765
-103.193810,21.639471,2025091,"2211",GOES-EAST,FDC,22,75.842
-103.241852,21.640965,2025091,"2216",GOES-EAST,FDC,22,69.829
-103.236549,21.620197,2025091,"2216",GOES-EAST,FDC,22,122.929
-103.231110,21.599342,2025091,"2216",GOES-EAST,FDC,22,109.083
-103.223190,21.661024,2025091,"2216",GOES-EAST,FDC,22,90.278
-103.212425,21.619389,2025091,"2216",GOES-EAST,FDC,22,245.907
-103.207176,21.598654,2025091,"2216",GOES-EAST,FDC,22,109.980
-103.193810,21.639471,2025091,"2216",GOES-EAST,FDC,22,77.244
-103.236549,21.620193,2025091,"2220",GOES-EAST,FDC,22,131.205
-103.231102,21.599337,2025091,"2220",GOES-EAST,FDC,22,117.579
-103.223190,21.661022,2025091,"2220",GOES-EAST,FDC,22,93.638
-103.212425,21.619383,2025091,"2220",GOES-EAST,FDC,22,282.816
-103.207176,21.598648,2025091,"2220",GOES-EAST,FDC,22,157.802
-103.193810,21.639469,2025091,"2220",GOES-EAST,FDC,22,79.274
-103.236549,21.620197,2025091,"2221",GOES-EAST,FDC,22,129.509
-103.231110,21.599342,2025091,"2221",GOES-EAST,FDC,22,120.424
-103.223190,21.661024,2025091,"2221",GOES-EAST,FDC,22,92.648
-103.212425,21.619389,2025091,"2221",GOES-EAST,FDC,22,260.258
-103.207176,21.598654,2025091,"2221",GOES-EAST,FDC,22,181.120
-103.193810,21.639471,2025091,"2221",GOES-EAST,FDC,22,75.462
-103.241852,21.640965,2025091,"2226",GOES-EAST,FDC,22,72.994
-103.236549,21.620197,2025091,"2226",GOES-EAST,FDC,22,140.100
-103.231110,21.599342,2025091,"2226",GOES-EAST,FDC,22,116.391
-103.223190,21.661024,2025091,"2226",GOES-EAST,FDC,22,76.639
-103.212425,21.619389,2025091,"2226",GOES-EAST,FDC,22,264.148
-103.207176,21.598654,2025091,"2226",GOES-EAST,FDC,22,166.899
-103.193810,21.639471,2025091,"2226",GOES-EAST,FDC,22,84.636
-103.236549,21.620193,2025091,"2230",GOES-EAST,FDC,22,113.487
-103.231102,21.599337,2025091,"2230",GOES-EAST,FDC,22,129.120
-103.223190,21.661022,2025091,"2230",GOES-EAST,FDC,22,81.872
-103.212425,21.619383,2025091,"2230",GOES-EAST,FDC,22,207.648
-103.207176,21.598648,2025091,"2230",GOES-EAST,FDC,22,178.347
-103.193810,21.639469,2025091,"2230",GOES-EAST,FDC,22,92.469
-103.236549,21.620197,2025091,"2231",GOES-EAST,FDC,22,126.332
-103.231110,21.599342,2025091,"2231",GOES-EAST,FDC,22,106.312
-103.223190,21.661024,2025091,"2231",GOES-EAST,FDC,22,84.512
-103.212425,21.619389,2025091,"2231",GOES-EAST,FDC,22,239.831
-103.207176,21.598654,2025091,"2231",GOES-EAST,FDC,22,192.778
-103.193810,21.639471,2025091,"2231",GOES-EAST,FDC,22,79.885
-103.241852,21.640965,2025091,"2236",GOES-EAST,FDC,22,69.115
-103.236549,21.620197,2025091,"2236",GOES-EAST,FDC,22,124.754
-103.231110,21.599342,2025091,"2236",GOES-EAST,FDC,22,86.496
-103.223190,21.661024,2025091,"2236",GOES-EAST,FDC,22,72.750
-103.212425,21.619389,2025091,"2236",GOES-EAST,FDC,22,239.867
-103.207176,21.598654,2025091,"2236",GOES-EAST,FDC,22,109.881
-103.193810,21.639471,2025091,"2236",GOES-EAST,FDC,22,87.769
-103.236549,21.620193,2025091,"2240",GOES-EAST,FDC,22,154.613
-103.231102,21.599337,2025091,"2240",GOES-EAST,FDC,22,113.409
-103.223190,21.661022,2025091,"2240",GOES-EAST,FDC,22,83.418
-103.212425,21.619383,2025091,"2240",GOES-EAST,FDC,22,294.831
-103.207176,21.598648,2025091,"2240",GOES-EAST,FDC,22,215.985
-103.193810,21.639469,2025091,"2240",GOES-EAST,FDC,22,75.398
-103.236549,21.620197,2025091,"2241",GOES-EAST,FDC,22,155.179
-103.231110,21.599342,2025091,"2241",GOES-EAST,FDC,22,118.213
-103.223190,21.661024,2025091,"2241",GOES-EAST,FDC,22,82.278
-103.212425,21.619389,2025091,"2241",GOES-EAST,FDC,22,304.030
-103.207176,21.598654,2025091,"2241",GOES-EAST,FDC,22,165.265
-103.193810,21.639471,2025091,"2241",GOES-EAST,FDC,22,75.406
-103.236549,21.620197,2025091,"2246",GOES-EAST,FDC,22,132.304
-103.231110,21.599342,2025091,"2246",GOES-EAST,FDC,22,155.997
-103.223190,21.661024,2025091,"2246",GOES-EAST,FDC,22,76.546
-103.212425,21.619389,2025091,"2246",GOES-EAST,FDC,22,268.618
-103.207176,21.598654,2025091,"2246",GOES-EAST,FDC,22,245.886
-103.193810,21.639471,2025091,"2246",GOES-EAST,FDC,22,81.039
-103.241852,21.640961,2025091,"2250",GOES-EAST,FDC,22,127.916
-103.236549,21.620193,2025091,"2250",GOES-EAST,FDC,22,229.190
-103.231102,21.599337,2025091,"2250",GOES-EAST,FDC,22,120.337
-103.212425,21.619383,2025091,"2250",GOES-EAST,FDC,22,369.872
-103.207176,21.598648,2025091,"2250",GOES-EAST,FDC,22,193.072
-103.193810,21.639469,2025091,"2250",GOES-EAST,FDC,22,78.841
-103.241852,21.640965,2025091,"2251",GOES-EAST,FDC,22,155.912
-103.236549,21.620197,2025091,"2251",GOES-EAST,FDC,22,208.414
-103.231102,21.599342,2025091,"2251",GOES-EAST,FDC,22,134.136
-103.212425,21.619389,2025091,"2251",GOES-EAST,FDC,22,375.169
-103.207176,21.598654,2025091,"2251",GOES-EAST,FDC,22,244.251
-103.241852,21.640965,2025091,"2256",GOES-EAST,FDC,22,91.286
-103.236549,21.620197,2025091,"2256",GOES-EAST,FDC,22,173.073
-103.231102,21.599342,2025091,"2256",GOES-EAST,FDC,22,127.297
-103.212425,21.619389,2025091,"2256",GOES-EAST,FDC,22,333.624
-103.207176,21.598654,2025091,"2256",GOES-EAST,FDC,22,249.951
-103.193810,21.639471,2025091,"2256",GOES-EAST,FDC,22,-999.000
-103.236549,21.620193,2025091,"2300",GOES-EAST,FDC,22,150.288
-103.231102,21.599337,2025091,"2300",GOES-EAST,FDC,22,114.941
-103.207176,21.598648,2025091,"2300",GOES-EAST,FDC,22,191.731
-103.236549,21.620197,2025091,"2301",GOES-EAST,FDC,22,135.912
-103.231110,21.599342,2025091,"2301",GOES-EAST,FDC,22,124.943
-103.212425,21.619389,2025091,"2301",GOES-EAST,FDC,22,248.018
-103.207176,21.598654,2025091,"2301",GOES-EAST,FDC,22,245.324
-103.236549,21.620197,2025091,"2306",GOES-EAST,FDC,22,130.479
-103.231110,21.599342,2025091,"2306",GOES-EAST,FDC,22,142.036
-103.212425,21.619389,2025091,"2306",GOES-EAST,FDC,22,250.705
-103.207176,21.598654,2025091,"2306",GOES-EAST,FDC,22,229.655
-103.236549,21.620193,2025091,"2310",GOES-EAST,FDC,22,146.853
-103.231102,21.599337,2025091,"2310",GOES-EAST,FDC,22,128.003
-103.212425,21.619383,2025091,"2310",GOES-EAST,FDC,22,379.494
-103.207176,21.598648,2025091,"2310",GOES-EAST,FDC,22,210.357
-103.236549,21.620197,2025091,"2311",GOES-EAST,FDC,22,150.560
-103.231110,21.599342,2025091,"2311",GOES-EAST,FDC,22,157.390
-103.212425,21.619389,2025091,"2311",GOES-EAST,FDC,22,383.458
-103.207176,21.598654,2025091,"2311",GOES-EAST,FDC,22,334.414
-103.188705,21.618826,2025091,"2311",GOES-EAST,FDC,22,-999.000
-103.236549,21.620197,2025091,"2316",GOES-EAST,FDC,22,127.469
-103.231110,21.599342,2025091,"2316",GOES-EAST,FDC,22,127.548
-103.212425,21.619389,2025091,"2316",GOES-EAST,FDC,22,279.170
-103.207176,21.598654,2025091,"2316",GOES-EAST,FDC,22,250.869
-103.236549,21.620193,2025091,"2320",GOES-EAST,FDC,22,130.921
-103.231102,21.599337,2025091,"2320",GOES-EAST,FDC,22,98.820
-103.212425,21.619383,2025091,"2320",GOES-EAST,FDC,22,282.751
-103.207176,21.598648,2025091,"2320",GOES-EAST,FDC,22,231.158
-103.236549,21.620197,2025091,"2321",GOES-EAST,FDC,22,115.614
-103.231110,21.599342,2025091,"2321",GOES-EAST,FDC,22,97.614
-103.212425,21.619389,2025091,"2321",GOES-EAST,FDC,22,249.235
-103.207176,21.598654,2025091,"2321",GOES-EAST,FDC,22,191.776
-103.236549,21.620197,2025091,"2326",GOES-EAST,FDC,22,126.956
-103.231110,21.599342,2025091,"2326",GOES-EAST,FDC,22,93.765
-103.212425,21.619389,2025091,"2326",GOES-EAST,FDC,22,287.734
-103.207176,21.598654,2025091,"2326",GOES-EAST,FDC,22,150.811
-103.236549,21.620193,2025091,"2330",GOES-EAST,FDC,22,119.152
-103.231102,21.599337,2025091,"2330",GOES-EAST,FDC,22,125.979
-103.212425,21.619383,2025091,"2330",GOES-EAST,FDC,22,237.344
-103.207176,21.598648,2025091,"2330",GOES-EAST,FDC,22,220.330
-103.236549,21.620197,2025091,"2331",GOES-EAST,FDC,22,133.873
-103.231110,21.599342,2025091,"2331",GOES-EAST,FDC,22,108.631
-103.223190,21.661024,2025091,"2331",GOES-EAST,FDC,22,94.853
-103.212425,21.619389,2025091,"2331",GOES-EAST,FDC,22,292.132
-103.207176,21.598654,2025091,"2331",GOES-EAST,FDC,22,151.845
-103.236549,21.620197,2025091,"2336",GOES-EAST,FDC,22,110.824
-103.231110,21.599342,2025091,"2336",GOES-EAST,FDC,22,96.873
-103.212425,21.619389,2025091,"2336",GOES-EAST,FDC,22,207.330
-103.207176,21.598654,2025091,"2336",GOES-EAST,FDC,22,149.887
-103.236549,21.620193,2025091,"2340",GOES-EAST,FDC,22,126.905
-103.231102,21.599337,2025091,"2340",GOES-EAST,FDC,22,99.080
-103.212425,21.619383,2025091,"2340",GOES-EAST,FDC,22,229.176
-103.207176,21.598648,2025091,"2340",GOES-EAST,FDC,22,161.620
-103.236549,21.620197,2025091,"2341",GOES-EAST,FDC,22,118.913
-103.231110,21.599342,2025091,"2341",GOES-EAST,FDC,22,101.183
-103.212425,21.619389,2025091,"2341",GOES-EAST,FDC,22,204.890
-103.207176,21.598654,2025091,"2341",GOES-EAST,FDC,22,163.113
-103.236549,21.620197,2025091,"2346",GOES-EAST,FDC,22,108.017
-103.212425,21.619389,2025091,"2346",GOES-EAST,FDC,22,203.054
-103.207176,21.598654,2025091,"2346",GOES-EAST,FDC,22,143.815
-103.236549,21.620193,2025091,"2350",GOES-EAST,FDC,22,110.682
-103.212425,21.619383,2025091,"2350",GOES-EAST,FDC,22,-999.000
-103.207176,21.598648,2025091,"2350",GOES-EAST,FDC,22,124.239
-103.236549,21.620197,2025091,"2351",GOES-EAST,FDC,22,118.367
-103.212425,21.619389,2025091,"2351",GOES-EAST,FDC,22,-999.000
-103.207176,21.598654,2025091,"2351",GOES-EAST,FDC,22,-999.000
-103.236549,21.620197,2025091,"2356",GOES-EAST,FDC,22,116.365
-103.212425,21.619389,2025091,"2356",GOES-EAST,FDC,22,224.837
-103.207176,21.598654,2025091,"2356",GOES-EAST,FDC,22,-999.000
-103.212425,21.619383,2025092,"0000",GOES-EAST,FDC,22,-999.000
-103.207176,21.598648,2025092,"0000",GOES-EAST,FDC,22,142.535
-103.212425,21.619389,2025092,"0001",GOES-EAST,FDC,22,216.766
-103.207176,21.598654,2025092,"0001",GOES-EAST,FDC,22,117.395
-103.212425,21.619389,2025092,"0006",GOES-EAST,FDC,22,-999.000
-103.207176,21.598654,2025092,"0006",GOES-EAST,FDC,22,-999.000
-103.223190,21.661022,2025092,"0010",GOES-EAST,FDC,22,135.588
-103.212425,21.619383,2025092,"0010",GOES-EAST,FDC,22,174.577
-103.223190,21.661024,2025092,"0011",GOES-EAST,FDC,22,123.088
-103.212425,21.619389,2025092,"0011",GOES-EAST,FDC,22,159.578
-103.207176,21.598654,2025092,"0011",GOES-EAST,FDC,22,-999.000
-103.212425,21.619389,2025092,"0016",GOES-EAST,FDC,22,152.957
-103.207176,21.598654,2025092,"0016",GOES-EAST,FDC,22,-999.000
-103.212425,21.619383,2025092,"0020",GOES-EAST,FDC,22,171.011
-103.207176,21.598648,2025092,"0020",GOES-EAST,FDC,22,139.811
-103.212425,21.619389,2025092,"0021",GOES-EAST,FDC,22,143.880
-103.207176,21.598654,2025092,"0021",GOES-EAST,FDC,22,-999.000
-103.212425,21.619389,2025092,"0026",GOES-EAST,FDC,22,141.963
-103.207176,21.598654,2025092,"0026",GOES-EAST,FDC,22,-999.000
-103.212425,21.619383,2025092,"0030",GOES-EAST,FDC,22,151.177
-103.207176,21.598648,2025092,"0030",GOES-EAST,FDC,22,-999.000
-103.212425,21.619389,2025092,"0031",GOES-EAST,FDC,22,150.529
-103.207176,21.598654,2025092,"0031",GOES-EAST,FDC,22,-999.000
-103.212425,21.619389,2025092,"0036",GOES-EAST,FDC,22,-999.000
-103.207176,21.598654,2025092,"0036",GOES-EAST,FDC,22,-999.000
-103.212425,21.619383,2025092,"0040",GOES-EAST,FDC,22,-999.000
-103.212425,21.619389,2025092,"0041",GOES-EAST,FDC,22,-999.000
-103.207176,21.598654,2025092,"0041",GOES-EAST,FDC,22,-999.000
-103.212425,21.619389,2025092,"0046",GOES-EAST,FDC,22,143.946
-103.207176,21.598654,2025092,"0046",GOES-EAST,FDC,22,154.948
-103.212425,21.619383,2025092,"0050",GOES-EAST,FDC,22,184.079
-103.207176,21.598648,2025092,"0050",GOES-EAST,FDC,22,120.883
-103.212425,21.619389,2025092,"0051",GOES-EAST,FDC,22,143.882
-103.207176,21.598654,2025092,"0051",GOES-EAST,FDC,22,148.241
-103.212425,21.619389,2025092,"0056",GOES-EAST,FDC,22,178.859
-103.212425,21.619383,2025092,"0100",GOES-EAST,FDC,22,138.268
-103.207176,21.598648,2025092,"0100",GOES-EAST,FDC,22,129.369
-103.212425,21.619389,2025092,"0101",GOES-EAST,FDC,22,168.347
-103.212425,21.619389,2025092,"0106",GOES-EAST,FDC,22,134.189
-103.207176,21.598654,2025092,"0106",GOES-EAST,FDC,22,131.302
-103.207176,21.598648,2025092,"0110",GOES-EAST,FDC,22,134.554
-103.212425,21.619389,2025092,"0111",GOES-EAST,FDC,22,143.228
-103.212425,21.619389,2025092,"0116",GOES-EAST,FDC,22,127.101
-103.212425,21.619389,2025092,"0121",GOES-EAST,FDC,22,131.308
-103.212425,21.619389,2025092,"0126",GOES-EAST,FDC,22,123.863
-103.212425,21.619389,2025092,"0131",GOES-EAST,FDC,22,127.546
-103.212425,21.619389,2025092,"0136",GOES-EAST,FDC,22,124.366
-103.207176,21.598654,2025092,"0316",GOES-EAST,FDC,22,82.712
-103.207176,21.598648,2025092,"0340",GOES-EAST,FDC,22,84.609
-103.207176,21.598654,2025092,"0341",GOES-EAST,FDC,22,74.501
-103.207176,21.598654,2025092,"0346",GOES-EAST,FDC,22,87.074
-103.207176,21.598654,2025092,"0351",GOES-EAST,FDC,22,81.044
-103.207176,21.598654,2025092,"0356",GOES-EAST,FDC,22,81.995
-103.207176,21.598654,2025092,"0426",GOES-EAST,FDC,22,67.868
-103.207176,21.598654,2025092,"0446",GOES-EAST,FDC,22,62.153
-103.207176,21.598654,2025092,"0451",GOES-EAST,FDC,22,63.932
-103.207176,21.598654,2025092,"0501",GOES-EAST,FDC,22,63.693
-103.207176,21.598654,2025092,"0506",GOES-EAST,FDC,22,56.275
-103.212425,21.619389,2025092,"0541",GOES-EAST,FDC,22,46.602
